Model,Model File,Learning Rate,Batch Size,Filters,Layers,Accuracy,Precision,Recall,F1-Score
Model 9,model_9_lr0.0005_bs16_f64_l7.keras,0.0005,16,64,7,0.8607,0.8636,0.8607,0.8608
Model 36,model_36_lr0.001_bs16_f64_l7.keras,0.001,16,64,7,0.8604,0.8653,0.8604,0.8604
Model 18,model_18_lr0.0005_bs32_f64_l7.keras,0.0005,32,64,7,0.8558,0.8613,0.8558,0.8564
Model 35,model_35_lr0.001_bs16_f64_l5.keras,0.001,16,64,5,0.8543,0.8556,0.8543,0.8539
Model 72,model_72_lr0.002_bs32_f64_l7.keras,0.002,32,64,7,0.8541,0.8584,0.8541,0.8541
Model 63,model_63_lr0.002_bs16_f64_l7.keras,0.002,16,64,7,0.8533,0.8563,0.8533,0.8518
Model 60,model_60_lr0.002_bs16_f32_l7.keras,0.002,16,32,7,0.8526,0.8528,0.8526,0.8525
Model 54,model_54_lr0.001_bs64_f64_l7.keras,0.001,64,64,7,0.8526,0.8560,0.8526,0.8531
Model 69,model_69_lr0.002_bs32_f32_l7.keras,0.002,32,32,7,0.8516,0.8511,0.8516,0.8509
Model 44,model_44_lr0.001_bs32_f64_l5.keras,0.001,32,64,5,0.8515,0.8513,0.8515,0.8503
Model 45,model_45_lr0.001_bs32_f64_l7.keras,0.001,32,64,7,0.8506,0.8566,0.8506,0.8515
Model 62,model_62_lr0.002_bs16_f64_l5.keras,0.002,16,64,5,0.8506,0.8522,0.8506,0.8498
Model 6,model_6_lr0.0005_bs16_f32_l7.keras,0.0005,16,32,7,0.8464,0.8474,0.8464,0.8460
Model 27,model_27_lr0.0005_bs64_f64_l7.keras,0.0005,64,64,7,0.8462,0.8457,0.8462,0.8441
Model 53,model_53_lr0.001_bs64_f64_l5.keras,0.001,64,64,5,0.8443,0.8462,0.8443,0.8434
Model 42,model_42_lr0.001_bs32_f32_l7.keras,0.001,32,32,7,0.8430,0.8449,0.8430,0.8433
Model 78,model_78_lr0.002_bs64_f32_l7.keras,0.002,64,32,7,0.8427,0.8453,0.8427,0.8428
Model 33,model_33_lr0.001_bs16_f32_l7.keras,0.001,16,32,7,0.8423,0.8496,0.8423,0.8443
Model 71,model_71_lr0.002_bs32_f64_l5.keras,0.002,32,64,5,0.8407,0.8471,0.8407,0.8405
Model 80,model_80_lr0.002_bs64_f64_l5.keras,0.002,64,64,5,0.8403,0.8465,0.8403,0.8398
Model 8,model_8_lr0.0005_bs16_f64_l5.keras,0.0005,16,64,5,0.8397,0.8469,0.8397,0.8395
Model 32,model_32_lr0.001_bs16_f32_l5.keras,0.001,16,32,5,0.8366,0.8373,0.8366,0.8343
Model 81,model_81_lr0.002_bs64_f64_l7.keras,0.002,64,64,7,0.8359,0.8479,0.8359,0.8358
Model 17,model_17_lr0.0005_bs32_f64_l5.keras,0.0005,32,64,5,0.8339,0.8394,0.8339,0.8338
Model 59,model_59_lr0.002_bs16_f32_l5.keras,0.002,16,32,5,0.8338,0.8381,0.8338,0.8326
Model 51,model_51_lr0.001_bs64_f32_l7.keras,0.001,64,32,7,0.8331,0.8372,0.8331,0.8338
Model 15,model_15_lr0.0005_bs32_f32_l7.keras,0.0005,32,32,7,0.8314,0.8337,0.8314,0.8313
Model 68,model_68_lr0.002_bs32_f32_l5.keras,0.002,32,32,5,0.8259,0.8295,0.8259,0.8259
Model 26,model_26_lr0.0005_bs64_f64_l5.keras,0.0005,64,64,5,0.8247,0.8269,0.8247,0.8238
Model 24,model_24_lr0.0005_bs64_f32_l7.keras,0.0005,64,32,7,0.8234,0.8235,0.8234,0.8217
Model 41,model_41_lr0.001_bs32_f32_l5.keras,0.001,32,32,5,0.8230,0.8235,0.8230,0.8209
Model 77,model_77_lr0.002_bs64_f32_l5.keras,0.002,64,32,5,0.8225,0.8248,0.8225,0.8222
Model 5,model_5_lr0.0005_bs16_f32_l5.keras,0.0005,16,32,5,0.8166,0.8186,0.8166,0.8151
Model 30,model_30_lr0.001_bs16_f16_l7.keras,0.001,16,16,7,0.8135,0.8166,0.8135,0.8121
Model 50,model_50_lr0.001_bs64_f32_l5.keras,0.001,64,32,5,0.8112,0.8155,0.8112,0.8115
Model 66,model_66_lr0.002_bs32_f16_l7.keras,0.002,32,16,7,0.8107,0.8098,0.8107,0.8096
Model 57,model_57_lr0.002_bs16_f16_l7.keras,0.002,16,16,7,0.8085,0.8141,0.8085,0.8082
Model 75,model_75_lr0.002_bs64_f16_l7.keras,0.002,64,16,7,0.8048,0.8073,0.8048,0.8035
Model 3,model_3_lr0.0005_bs16_f16_l7.keras,0.0005,16,16,7,0.8029,0.8010,0.8029,0.8005
Model 39,model_39_lr0.001_bs32_f16_l7.keras,0.001,32,16,7,0.7937,0.7944,0.7937,0.7904
Model 34,model_34_lr0.001_bs16_f64_l3.keras,0.001,16,64,3,0.7935,0.7969,0.7935,0.7936
Model 61,model_61_lr0.002_bs16_f64_l3.keras,0.002,16,64,3,0.7919,0.7975,0.7919,0.7918
Model 14,model_14_lr0.0005_bs32_f32_l5.keras,0.0005,32,32,5,0.7906,0.7969,0.7906,0.7905
Model 48,model_48_lr0.001_bs64_f16_l7.keras,0.001,64,16,7,0.7860,0.7902,0.7860,0.7865
Model 65,model_65_lr0.002_bs32_f16_l5.keras,0.002,32,16,5,0.7776,0.7856,0.7776,0.7790
Model 70,model_70_lr0.002_bs32_f64_l3.keras,0.002,32,64,3,0.7671,0.7758,0.7671,0.7686
Model 56,model_56_lr0.002_bs16_f16_l5.keras,0.002,16,16,5,0.7656,0.7779,0.7656,0.7622
Model 29,model_29_lr0.001_bs16_f16_l5.keras,0.001,16,16,5,0.7615,0.7672,0.7615,0.7599
Model 43,model_43_lr0.001_bs32_f64_l3.keras,0.001,32,64,3,0.7591,0.7742,0.7591,0.7564
Model 12,model_12_lr0.0005_bs32_f16_l7.keras,0.0005,32,16,7,0.7586,0.7634,0.7586,0.7564
Model 23,model_23_lr0.0005_bs64_f32_l5.keras,0.0005,64,32,5,0.7570,0.7670,0.7570,0.7555
Model 7,model_7_lr0.0005_bs16_f64_l3.keras,0.0005,16,64,3,0.7550,0.7688,0.7550,0.7528
Model 74,model_74_lr0.002_bs64_f16_l5.keras,0.002,64,16,5,0.7521,0.7521,0.7521,0.7480
Model 16,model_16_lr0.0005_bs32_f64_l3.keras,0.0005,32,64,3,0.7501,0.7524,0.7501,0.7499
Model 38,model_38_lr0.001_bs32_f16_l5.keras,0.001,32,16,5,0.7470,0.7534,0.7470,0.7456
Model 52,model_52_lr0.001_bs64_f64_l3.keras,0.001,64,64,3,0.7420,0.7532,0.7420,0.7364
Model 79,model_79_lr0.002_bs64_f64_l3.keras,0.002,64,64,3,0.7392,0.7621,0.7392,0.7430
Model 31,model_31_lr0.001_bs16_f32_l3.keras,0.001,16,32,3,0.7341,0.7517,0.7341,0.7349
Model 67,model_67_lr0.002_bs32_f32_l3.keras,0.002,32,32,3,0.7296,0.7426,0.7296,0.7280
Model 2,model_2_lr0.0005_bs16_f16_l5.keras,0.0005,16,16,5,0.7288,0.7370,0.7288,0.7289
Model 21,model_21_lr0.0005_bs64_f16_l7.keras,0.0005,64,16,7,0.7283,0.7300,0.7283,0.7260
Model 58,model_58_lr0.002_bs16_f32_l3.keras,0.002,16,32,3,0.7283,0.7416,0.7283,0.7248
Model 47,model_47_lr0.001_bs64_f16_l5.keras,0.001,64,16,5,0.7224,0.7259,0.7224,0.7200
Model 76,model_76_lr0.002_bs64_f32_l3.keras,0.002,64,32,3,0.7190,0.7413,0.7190,0.7211
Model 4,model_4_lr0.0005_bs16_f32_l3.keras,0.0005,16,32,3,0.7168,0.7239,0.7168,0.7167
Model 25,model_25_lr0.0005_bs64_f64_l3.keras,0.0005,64,64,3,0.7167,0.7274,0.7167,0.7119
Model 40,model_40_lr0.001_bs32_f32_l3.keras,0.001,32,32,3,0.7073,0.7178,0.7073,0.7026
Model 11,model_11_lr0.0005_bs32_f16_l5.keras,0.0005,32,16,5,0.6994,0.7044,0.6994,0.6942
Model 49,model_49_lr0.001_bs64_f32_l3.keras,0.001,64,32,3,0.6879,0.6961,0.6879,0.6833
Model 64,model_64_lr0.002_bs32_f16_l3.keras,0.002,32,16,3,0.6766,0.6832,0.6766,0.6749
Model 13,model_13_lr0.0005_bs32_f32_l3.keras,0.0005,32,32,3,0.6686,0.6940,0.6686,0.6673
Model 55,model_55_lr0.002_bs16_f16_l3.keras,0.002,16,16,3,0.6633,0.6801,0.6633,0.6603
Model 73,model_73_lr0.002_bs64_f16_l3.keras,0.002,64,16,3,0.6632,0.6722,0.6632,0.6570
Model 20,model_20_lr0.0005_bs64_f16_l5.keras,0.0005,64,16,5,0.6523,0.6796,0.6523,0.6487
Model 37,model_37_lr0.001_bs32_f16_l3.keras,0.001,32,16,3,0.6404,0.6554,0.6404,0.6405
Model 28,model_28_lr0.001_bs16_f16_l3.keras,0.001,16,16,3,0.6383,0.6550,0.6383,0.6347
Model 22,model_22_lr0.0005_bs64_f32_l3.keras,0.0005,64,32,3,0.6336,0.6639,0.6336,0.6303
Model 46,model_46_lr0.001_bs64_f16_l3.keras,0.001,64,16,3,0.6310,0.6394,0.6310,0.6253
Model 1,model_1_lr0.0005_bs16_f16_l3.keras,0.0005,16,16,3,0.6260,0.6459,0.6260,0.6264
Model 10,model_10_lr0.0005_bs32_f16_l3.keras,0.0005,32,16,3,0.5912,0.6279,0.5912,0.5868
Model 19,model_19_lr0.0005_bs64_f16_l3.keras,0.0005,64,16,3,0.5708,0.5960,0.5708,0.5613
